{"_wandb":{"runtime":323},"ics_loss":9.659733041189611e-05,"res_weight":0.680310845375061,"alpha_0":-0.0962274968624115,"res_loss":0.0028274781070649624,"_step":10300,"l2_error":0.4354797303676605,"_runtime":323.753986592,"_timestamp":1.7393363797514832e+09,"ics_weight":8.818353652954102,"cas_weight":0.9110925197601318,"alpha_2":-0.00018706178525462747,"alpha_1":0.00023819567286409438}