{"_wandb":{"runtime":249},"res_loss":0.0010120507795363665,"ics_weight":15.17412281036377,"res_weight":0.6253889799118042,"_runtime":249.283370666,"l2_error":0.041204966604709625,"ics_loss":4.238222572894301e-06,"_step":15700,"cas_weight":0.9703779816627502,"_timestamp":1.7393345439398365e+09}