{"cas_weight":0.9984596967697144,"_step":56800,"ics_loss":1.2138764304836513e-06,"res_loss":5.010027234675363e-05,"l2_error":0.00785315316170454,"ics_weight":25.590595245361328,"res_weight":0.5129204988479614,"_wandb":{"runtime":769},"_runtime":769.574580619,"_timestamp":1.7393353817104256e+09}