{"alpha_2":-0.00028021499747410417,"ics_weight":9.22304630279541,"ics_loss":0.00010683653817977756,"_timestamp":1.7393334027397037e+09,"alpha_1":0.00038293376564979553,"l2_error":0.48820847272872925,"_step":11200,"res_weight":0.6634128093719482,"cas_weight":0.9186472296714783,"_runtime":340.540452256,"_wandb":{"runtime":340},"res_loss":0.002569420263171196,"alpha_0":-0.09759459644556046}