{"_timestamp":1.7393372933495042e+09,"_wandb":{"runtime":3804},"ics_loss":1.5910846968836267e-06,"ics_weight":33.83802032470703,"res_loss":0.0018617536406964064,"cas_weight":0.9406868815422058,"_runtime":3804.038062847,"_step":299900,"l2_error":0.02022622898221016,"res_weight":0.5081049203872681}